topic,question,question_de,difficulty
family,"What did you call your grandparents growing up?","Wie hast du deine Großeltern genannt als du klein warst?",3
family,"What family tradition do you cherish the most?","Welche Familientradition ist dir am wichtigsten?",4
family,"Who in your family are you most like?","Wem aus deiner Familie ähnelst du am meisten?",4
family,"What's a rule in your house you always broke?","Welche Regel zu Hause hast du immer gebrochen?",4
family,"What did your parents almost name you?","Wie hätten deine Eltern dich beinahe genannt?",3
family,"What's your favorite memory with your siblings?","Was ist deine liebste Erinnerung mit deinen Geschwistern?",4
family,"What family secret did you discover as an adult?","Welches Familiengeheimnis hast du als Erwachsener entdeckt?",6
family,"In what ways are you turning into your parents?","Wobei wirst du wie deine Eltern?",6
family,"What would you change about how you were raised?","Was würdest du an deiner Erziehung ändern?",7
family,"What's something you never told your parents?","Was hast du deinen Eltern nie erzählt?",8
family,"Do you want a family of your own one day?","Möchtest du eines Tages eine eigene Familie?",6
family,"Who in your family do you trust the least and why?","Wem aus deiner Familie vertraust du am wenigsten und warum?",8
family,"What's the hardest thing your family ever went through?","Was war das Schwerste, das deine Familie durchgemacht hat?",7
work,"What was your first ever job?","Was war dein allererster Job?",2
work,"What's the worst job you've ever had?","Was war der schlimmste Job, den du je hattest?",3
work,"If money didn't matter what would you do all day?","Wenn Geld keine Rolle spielen würde, was würdest du den ganzen Tag machen?",5
work,"What skill do you wish you had learned earlier?","Welche Fähigkeit hättest du früher lernen wollen?",5
work,"Have you ever cried at work?","Hast du je bei der Arbeit geweint?",6
work,"What's the biggest lie you told in a job interview?","Was war die größte Lüge in einem Vorstellungsgespräch?",5
work,"Do you define yourself by what you do?","Definierst du dich über deinen Beruf?",6
work,"What would you do if you got fired tomorrow?","Was würdest du tun, wenn du morgen entlassen würdest?",5
work,"Have you ever stolen credit for someone else's work?","Hast du je die Leistung anderer als deine ausgegeben?",7
work,"Are you where you thought you'd be at this age?","Bist du da, wo du mit diesem Alter gerechnet hast?",7
work,"What's a dream you gave up on?","Von welchem Traum hast du aufgegeben?",7
work,"What do your colleagues think of you that isn't true?","Was denken deine Kollegen über dich, das nicht stimmt?",6
friends,"How did you meet your best friend?","Wie hast du deinen besten Freund getroffen?",2
friends,"Who would you call at 3am in an emergency?","Wen würdest du um 3 Uhr nachts im Notfall anrufen?",4
friends,"Which friend have you drifted from and miss?","Von welchem Freund bist du entfremdet und vermisst ihn?",6
friends,"Have you ever been jealous of a friend?","Warst du je eifersüchtig auf einen Freund?",6
friends,"What's the most trouble you got into with friends?","Was für Ärger hast du mit Freunden erlebt?",5
friends,"Who knows you best in the world?","Wer kennt dich am besten auf der Welt?",5
friends,"Is there a friendship you regret losing?","Gibt es eine Freundschaft, deren Ende du bereust?",7
friends,"Have you ever secretly liked a friend's partner?","Hattest du je heimlich den Partner eines Freundes gemocht?",7
friends,"When did you last feel left out?","Wann hast du dich zuletzt ausgeschlossen gefühlt?",6
friends,"What would your friends say is your worst habit?","Was würden Freunde als deine schlechteste Angewohnheit sagen?",5
childhood,"What was your favorite toy as a kid?","Was war dein liebstes Spielzeug als Kind?",2
childhood,"What scared you as a child?","Wovon hattest du als Kind Angst?",3
childhood,"What did you want to be when you grew up?","Was wolltest du werden, wenn du erwachsen bist?",2
childhood,"Were you a popular kid?","Warst du ein beliebtes Kind?",4
childhood,"What's a memory that still makes you cringe?","Welche Erinnerung bringt dich heute noch zum Schaudern?",5
childhood,"What did adults not understand about you?","Was haben Erwachsene an dir nicht verstanden?",6
childhood,"Were you happy as a kid?","Warst du als Kind glücklich?",6
childhood,"What's something you believed as a kid that was wrong?","Was hast du als Kind falscherweise geglaubt?",4
childhood,"What part of your childhood would you not repeat?","Welchen Teil deiner Kindheit würdest du nicht wiederholen?",7
childhood,"What did you hide from your parents as a teenager?","Was hast du als Teenager vor deinen Eltern versteckt?",6
dreams,"Where do you want to be in five years?","Wo willst du in fünf Jahren sein?",4
dreams,"What's on your bucket list?","Was steht auf deiner Bucket List?",3
dreams,"If you could live anywhere where would it be?","Wo würdest du leben, wenn du überall leben könntest?",3
dreams,"What dream are you too scared to chase?","Welchen Traum jagst du nicht aus Angst?",7
dreams,"What would you do with one free year?","Was würdest du mit einem freien Jahr machen?",4
dreams,"Do you believe in fate or free will?","Glaubst du an Schicksal oder freien Willen?",6
dreams,"What would make you drop everything tomorrow?","Was würde dich morgen alles stehen und liegen lassen?",7
dreams,"What does your ideal life look like?","Wie sieht dein ideales Leben aus?",6
dreams,"What legacy do you want to leave?","Welches Erbe willst du hinterlassen?",8
dreams,"What are you willing to sacrifice for success?","Was bist du bereit für Erfolg zu opfern?",8
values,"What's a small thing that makes you unreasonably angry?","Welche Kleinigkeit macht dich unvernünftig wütend?",3
values,"What's your most controversial opinion?","Was ist deine umstrittenste Meinung?",6
values,"What do you value that most people don't?","Was schätzt du, was die meisten nicht schätzen?",5
values,"Would you rather be rich or famous?","Wärst du lieber reich oder berühmt?",4
values,"What's a hill you'd die on?","Bei welchem Thema gibst du nie nach?",5
values,"Is it ever okay to lie?","Ist es je okay zu lügen?",6
values,"What would you change about society?","Was würdest du an der Gesellschaft ändern?",6
values,"What does success mean to you?","Was bedeutet Erfolg für dich?",6
values,"Are you religious or spiritual?","Bist du religiös oder spirituell?",6
values,"What rule do you break regularly?","Welche Regel brichst du regelmäßig?",5
secrets,"What's a white lie you still maintain?","Welche Notlüge hältst du immer noch aufrecht?",6
secrets,"What's the most embarrassing thing in your search history?","Was ist das Peinlichste in deinem Suchverlauf?",7
secrets,"Have you ever snooped through someone's phone?","Hast du je heimlich das Handy von jemandem durchsucht?",6
secrets,"What's a secret you've never told anyone?","Was ist ein Geheimnis, das du nie jemandem erzählt hast?",9
secrets,"What's the worst thing you've gotten away with?","Womit bist du ungeschoren davongekommen?",7
secrets,"Have you ever cheated on a test or a person?","Hast du je bei einer Prüfung oder an einem Menschen betrogen?",8
secrets,"What do you pretend to enjoy but secretly hate?","Was gibst du vor zu mögen, aber heimlich hasst?",5
secrets,"What's something people assume about you that's wrong?","Was nehmen Leute über dich an, das falsch ist?",5
secrets,"What's your biggest insecurity?","Was ist deine größte Unsicherheit?",8
secrets,"What's a thought you're ashamed of?","Welcher Gedanke ist dir peinlich?",8
hypotheticals,"Would you rather know the date of your death or the cause?","Wärst du lieber Datum oder Ursache deines Todes bekannt?",6
hypotheticals,"If you could have dinner with anyone dead or alive who?","Mit wem würdest du essen wollen, lebendig oder tot?",4
hypotheticals,"Would you take 10 years of life for 10 million?","Würdest du 10 Lebensjahre gegen 10 Millionen tauschen?",6
hypotheticals,"If you could erase one memory which one?","Welche Erinnerung würdest du löschen?",7
hypotheticals,"Would you want to know what people really think of you?","Willst du wissen, was Leute wirklich von dir denken?",7
hypotheticals,"If you could master one skill instantly what would it be?","Welche Fähigkeit würdest du sofort meistern wollen?",4
hypotheticals,"Would you ever go on a one-way trip to Mars?","Würdest du eine Reise zum Mars ohne Rückkehr antreten?",5
hypotheticals,"If you woke up as the opposite sex for a day what first?","Wenn du einen Tag als anderes Geschlecht aufwachen würdest, was zuerst?",5
hypotheticals,"What would you do if you were invisible for a week?","Was würdest du tun, wenn du eine Woche unsichtbar wärst?",5
hypotheticals,"If your life were a movie what would it be called?","Wenn dein Leben ein Film wäre, wie hieße er?",4
travel,"What's the best trip you ever took?","Was war die beste Reise, die du je gemacht hast?",3
travel,"Where would you go back to tomorrow?","Wohin würdest du morgen zurückkehren?",3
travel,"What's your worst travel disaster?","Was war deine schlimmste Reisekatastrophe?",4
travel,"Do you travel to relax or to explore?","Reist du zum Entspannen oder zum Entdecken?",3
travel,"What travel plan keeps getting postponed?","Welche Reisepläne verschiebst du immer wieder?",5
travel,"Where did you feel most like a stranger?","Wo hast du dich am fremdesten gefühlt?",5
travel,"What place changed you?","Welcher Ort hat dich verändert?",6
love,"What does your perfect date look like?","Wie sieht dein perfektes Date aus?",4
love,"What's your biggest red flag in a partner?","Was ist dein größtes Warnsignal bei einem Partner?",5
love,"How do you know when you're in love?","Woher weißt du, dass du verliebt bist?",5
love,"What's the most romantic thing you've ever done?","Was ist das Romantischste, das du je getan hast?",5
love,"What heartbreak taught you the most?","Welche Herzzerbrochenheit hat dich am meisten gelehrt?",7
love,"What do you need in a relationship that you never say?","Was brauchst du in einer Beziehung, das du nie sagst?",7
love,"Is there a person you never got over?","Gibt es einen Menschen, den du nie überwunden hast?",8
love,"What's your biggest fear about love?","Was ist deine größte Angst in der Liebe?",7
money,"Are you a saver or a spender?","Sparst du oder gibst du aus?",3
money,"What's the most impulsive purchase you've made?","Was war dein impulsivster Kauf?",3
money,"What would you do with a surprise inheritance?","Was würdest du mit einer plötzlichen Erbschaft machen?",4
money,"Do you know how much your friends earn?","Weißt du, wie viel deine Freunde verdienen?",5
money,"What's your relationship with money like?","Wie ist deine Beziehung zu Geld?",6
money,"Would you stay in a job you hate for double pay?","Würdest du in einem Job bleiben, den du hasst, für doppeltes Gehalt?",6
money,"What does money mean to you beyond survival?","Was bedeutet Geld für dich jenseits des Überlebens?",7
money,"Have you ever lied about how much something cost?","Hast du je gelogen, wie viel etwas gekostet hat?",5
family,"What's for dinner at your place tonight?","Was gibt es heute Abend bei dir zu essen?",1
family,"Do you have pets?",Hast du Haustiere?,1
family,"Who is the funniest in your family?",Wer ist der Lustigste in deiner Familie?,2
family,"Which relative do you avoid at gatherings?","Welchen Verwandten meidest du auf Familienfeiern?",7
family,"What's the family drama nobody talks about?","Welches Familien-Drama spricht niemand an?",9
family,"What would break your family apart?","Was würde deine Familie zerbrechen?",10
friends,"Who is your oldest friend?","Wer ist dein ältester Freund?",1
friends,"What do you do together with your friends most often?","Was machst du am häufigsten mit deinen Freunden?",2
friends,"Which friend would you lend money to?","Welchem Freund würdest du Geld leihen?",6
friends,"Which friend's secret almost slipped out of you?","Wessen Geheimnis ist dir fast rausgerutscht?",8
friends,"Have you talked behind a friend's back?","Hast du hinter dem Rücken eines Freundes geredet?",9
work,"What time do you start work usually?","Wann fängst du normalerweise mit der Arbeit an?",1
work,"Coffee or tea at work?","Kaffee oder Tee bei der Arbeit?",1
work,"Do you get along with your boss?","Kommst du mit deinem Chef aus?",3
work,"Have you badmouthed a colleague to get ahead?","Hast du einen Kollegen schlecht geredet um weiterzukommen?",8
work,"What would get you fired instantly if found out?","Was würde dich sofort feuern, wenn es rauskommt?",9
work,"What do you secretly think about your boss?","Was denkst du heimlich über deinen Chef?",10
values,"Are you a morning person?","Bist du ein Morgenmensch?",1
values,"Pineapple on pizza — yes or no?","Ananas auf Pizza — ja oder nein?",2
values,"What's a belief you'd defend to the end?","Welche Überzeugung verteidigst du bis zum Schluss?",7
values,"What moral line would you cross for family?","Welche moralische Linie würdest du für Familie überschreiten?",9
values,"What do you judge people for even though you shouldn't?","Wobei verurteilst du Leute, obwohl du es nicht solltest?",10
secrets,"Do you have a nickname nobody uses anymore?","Hast du einen Spitznamen, den niemand mehr benutzt?",1
secrets,"What's your guilty pleasure show?","Was ist deine Schuldserie?",2
secrets,"What's the pettiest thing you've ever done?","Was ist die kleinlichste Sache, die du je getan hast?",5
secrets,"What have you never admitted to anyone?","Was hast du nie jemandem zugegeben?",9
secrets,"What's the darkest thought you've kept to yourself?","Was ist der dunkelste Gedanke, den du für dich behalten hast?",10
secrets,"What would ruin you if it came out?","Was würde dich ruinieren, wenn es rauskommt?",10
